v_products_model,v_products_name_1,v_products_description_1,v_products_url_1,v_products_image,v_products_images_image_1,v_products_images_htmlcontent_1,v_products_images_image_2,v_products_images_htmlcontent_2,v_products_images_image_3,v_products_images_htmlcontent_3,v_products_images_image_4,v_products_images_htmlcontent_4,v_products_images_image_5,v_products_images_htmlcontent_5,v_products_images_image_6,v_products_images_htmlcontent_6,v_products_images_image_7,v_products_images_htmlcontent_7,v_products_price,v_products_specials_price,v_products_quantity,v_products_weight,v_date_avail,v_date_added,v_categories_image_1,v_categories_name_1_1,v_categories_image_2,v_categories_name_2_1,v_categories_image_3,v_categories_name_3_1,v_categories_image_4,v_categories_name_4_1,v_categories_image_5,v_categories_name_5_1,v_categories_image_6,v_categories_name_6_1,v_categories_image_7,v_categories_name_7_1,v_manufacturers_name,v_attribute_options_id_1,v_attribute_options_name_1_1,v_attribute_options_id_2,v_attribute_options_name_2_1,v_attribute_options_id_3,v_attribute_options_name_3_1,v_attribute_values_id_3_1,v_attribute_values_name_3_1_1,v_attribute_values_price_3_1,v_attribute_values_id_3_2,v_attribute_values_name_3_2_1,v_attribute_values_price_3_2,v_attribute_values_id_3_3,v_attribute_values_name_3_3_1,v_attribute_values_price_3_3,v_attribute_values_id_3_4,v_attribute_values_name_3_4_1,v_attribute_values_price_3_4,v_attribute_values_id_3_5,v_attribute_values_name_3_5_1,v_attribute_values_price_3_5,v_attribute_options_id_4,v_attribute_options_name_4_1,v_attribute_values_id_4_1,v_attribute_values_name_4_1_1,v_attribute_values_price_4_1,v_attribute_values_id_4_2,v_attribute_values_name_4_2_1,v_attribute_values_price_4_2,v_attribute_values_id_4_3,v_attribute_values_name_4_3_1,v_attribute_values_price_4_3,v_attribute_values_id_4_4,v_attribute_values_name_4_4_1,v_attribute_values_price_4_4,v_attribute_options_id_5,v_attribute_options_name_5_1,v_attribute_values_id_5_1,v_attribute_values_name_5_1_1,v_attribute_values_price_5_1,v_attribute_values_id_5_2,v_attribute_values_name_5_2_1,v_attribute_values_price_5_2,v_tax_class_title,v_status,EOREOR
KEYBOARD,681800-DB1,,,,,,,,,,,,,,,,,,85,,100,1,,6/2/2014 10:30,,KEYBOARD BILINGUAL,,HP,,HP KEYBOARD BIL,,,,,,,,,HP,,,,,,,,,,,,,,,,,,,,,,,,,,,,,,,,,,,,,,,,,,,,Taxable Goods,Active,EOREOR
Keyboard,665326-121,,,,,,,,,,,,,,,,,,85,,100,1,,6/2/2014 10:30,,KEYBOARD BILINGUAL,,HP,,HP KEYBOARD BIL,,,,,,,,,HP,,,,,,,,,,,,,,,,,,,,,,,,,,,,,,,,,,,,,,,,,,,,Taxable Goods,Active,EOREOR
keyboard,646300-121,,,,,,,,,,,,,,,,,,85,,100,1,,6/2/2014 10:30,,KEYBOARD BILINGUAL,,HP,,HP KEYBOARD BIL,,,,,,,,,HP,,,,,,,,,,,,,,,,,,,,,,,,,,,,,,,,,,,,,,,,,,,,Taxable Goods,Active,EOREOR
keyboard,605344-121,,,,,,,,,,,,,,,,,,85,,100,1,,6/2/2014 10:30,,KEYBOARD BILINGUAL,,HP,,HP KEYBOARD BIL,,,,,,,,,HP,,,,,,,,,,,,,,,,,,,,,,,,,,,,,,,,,,,,,,,,,,,,Taxable Goods,Active,EOREOR
keyboard,600175-121,,,,,,,,,,,,,,,,,,85,,100,1,,6/2/2014 10:30,,KEYBOARD BILINGUAL,,HP,,HP KEYBOARD BIL,,,,,,,,,HP,,,,,,,,,,,,,,,,,,,,,,,,,,,,,,,,,,,,,,,,,,,,Taxable Goods,Active,EOREOR
keyboard,597635-121,,,,,,,,,,,,,,,,,,85,,100,1,,6/2/2014 10:30,,KEYBOARD BILINGUAL,,HP,,HP KEYBOARD BIL,,,,,,,,,HP,,,,,,,,,,,,,,,,,,,,,,,,,,,,,,,,,,,,,,,,,,,,Taxable Goods,Active,EOREOR
keyboard,595199-121,,,,,,,,,,,,,,,,,,85,,100,1,,6/2/2014 10:30,,KEYBOARD BILINGUAL,,HP,,HP KEYBOARD BIL,,,,,,,,,HP,,,,,,,,,,,,,,,,,,,,,,,,,,,,,,,,,,,,,,,,,,,,Taxable Goods,Active,EOREOR
keyboard,518966-121,,,,,,,,,,,,,,,,,,85,,100,1,,6/2/2014 10:30,,KEYBOARD BILINGUAL,,HP,,HP KEYBOARD BIL,,,,,,,,,HP,,,,,,,,,,,,,,,,,,,,,,,,,,,,,,,,,,,,,,,,,,,,Taxable Goods,Active,EOREOR
Graphic card,695628-ZH1,,,,,,,,,,,,,,,,,,120,,100,1,,6/2/2014 10:30,,DESKTOP VIDEO CARD,,HP,,HP DSK VIDEO CARD,,,,,,,,,HP,,,,,,,,,,,,,,,,,,,,,,,,,,,,,,,,,,,,,,,,,,,,Taxable Goods,Active,EOREOR
Video Card,648533-001,,,,,,,,,,,,,,,,,,120,,100,1,,6/2/2014 10:30,,DESKTOP VIDEO CARD,,HP,,HP DSK VIDEO CARD,,,,,,,,,HP,,,,,,,,,,,,,,,,,,,,,,,,,,,,,,,,,,,,,,,,,,,,Taxable Goods,Active,EOREOR
base enclosure,742580-001,,,,,,,,,,,,,,,,,,125,,100,1,,6/2/2014 10:30,,BASE,,HP,,HP BASE,,,,,,,,,HP,,,,,,,,,,,,,,,,,,,,,,,,,,,,,,,,,,,,,,,,,,,,Taxable Goods,Active,EOREOR
base enclosure,719866-001,,,,,,,,,,,,,,,,,,125,,100,1,,6/2/2014 10:30,,BASE,,HP,,HP BASE,,,,,,,,,HP,,,,,,,,,,,,,,,,,,,,,,,,,,,,,,,,,,,,,,,,,,,,Taxable Goods,Active,EOREOR
base enclosure,708302-001,,,,,,,,,,,,,,,,,,125,,100,1,,6/2/2014 10:30,,BASE,,HP,,HP BASE,,,,,,,,,HP,,,,,,,,,,,,,,,,,,,,,,,,,,,,,,,,,,,,,,,,,,,,Taxable Goods,Active,EOREOR
base enclosure,707999-001,,,,,,,,,,,,,,,,,,125,,100,1,,6/2/2014 10:30,,BASE,,HP,,HP BASE,,,,,,,,,HP,,,,,,,,,,,,,,,,,,,,,,,,,,,,,,,,,,,,,,,,,,,,Taxable Goods,Active,EOREOR
base enclosure,639569-001,,,,,,,,,,,,,,,,,,125,,100,1,,6/2/2014 10:30,,BASE,,HP,,HP BASE,,,,,,,,,HP,,,,,,,,,,,,,,,,,,,,,,,,,,,,,,,,,,,,,,,,,,,,Taxable Goods,Active,EOREOR
base enclosure,615591-001,,,,,,,,,,,,,,,,,,125,,100,1,,6/2/2014 10:30,,BASE,,HP,,HP BASE,,,,,,,,,HP,,,,,,,,,,,,,,,,,,,,,,,,,,,,,,,,,,,,,,,,,,,,Taxable Goods,Active,EOREOR
base enclosure,605345-001,,,,,,,,,,,,,,,,,,125,,100,1,,6/2/2014 10:30,,BASE,,HP,,HP BASE,,,,,,,,,HP,,,,,,,,,,,,,,,,,,,,,,,,,,,,,,,,,,,,,,,,,,,,Taxable Goods,Active,EOREOR
base enclosure,599089-001,,,,,,,,,,,,,,,,,,125,,100,1,,6/2/2014 10:30,,BASE,,HP,,HP BASE,,,,,,,,,HP,,,,,,,,,,,,,,,,,,,,,,,,,,,,,,,,,,,,,,,,,,,,Taxable Goods,Active,EOREOR
base enclosure,535864-001,,,,,,,,,,,,,,,,,,125,,100,1,,6/2/2014 10:30,,BASE,,HP,,HP BASE,,,,,,,,,HP,,,,,,,,,,,,,,,,,,,,,,,,,,,,,,,,,,,,,,,,,,,,Taxable Goods,Active,EOREOR
base cover,665978-001,,,,,,,,,,,,,,,,,,125,,100,1,,6/2/2014 10:30,,BASE,,HP,,HP BASE,,,,,,,,,HP,,,,,,,,,,,,,,,,,,,,,,,,,,,,,,,,,,,,,,,,,,,,Taxable Goods,Active,EOREOR
Base Assembly,734406-001,,,,,,,,,,,,,,,,,,125,,100,1,,6/2/2014 10:30,,BASE,,HP,,HP BASE,,,,,,,,,HP,,,,,,,,,,,,,,,,,,,,,,,,,,,,,,,,,,,,,,,,,,,,Taxable Goods,Active,EOREOR
Base,639399-001,,,,,,,,,,,,,,,,,,125,,100,1,,6/2/2014 10:30,,BASE,,HP,,HP BASE,,,,,,,,,HP,,,,,,,,,,,,,,,,,,,,,,,,,,,,,,,,,,,,,,,,,,,,Taxable Goods,Active,EOREOR
LCD Panel,702681-001,,,,,,,,,,,,,,,,,,135,,100,1,,6/2/2014 10:30,,LCD PANEL ONLY,,HP,,HP LCD PANEL ONLY,,,,,,,,,HP,,,,,,,,,,,,,,,,,,,,,,,,,,,,,,,,,,,,,,,,,,,,Taxable Goods,Active,EOREOR
LCD Panel,681817-001,,,,,,,,,,,,,,,,,,135,,100,1,,6/2/2014 10:30,,LCD PANEL ONLY,,HP,,HP LCD PANEL ONLY,,,,,,,,,HP,,,,,,,,,,,,,,,,,,,,,,,,,,,,,,,,,,,,,,,,,,,,Taxable Goods,Active,EOREOR
lcd panel,652256-001,,,,,,,,,,,,,,,,,,135,,100,1,,6/2/2014 10:30,,LCD PANEL ONLY,,HP,,HP LCD PANEL ONLY,,,,,,,,,HP,,,,,,,,,,,,,,,,,,,,,,,,,,,,,,,,,,,,,,,,,,,,Taxable Goods,Active,EOREOR
lcd panel,645096-001,,,,,,,,,,,,,,,,,,135,,100,1,,6/2/2014 10:30,,LCD PANEL ONLY,,HP,,HP LCD PANEL ONLY,,,,,,,,,HP,,,,,,,,,,,,,,,,,,,,,,,,,,,,,,,,,,,,,,,,,,,,Taxable Goods,Active,EOREOR
SSD,687100-001,,,,,,,,,,,,,,,,,,150,,100,1,,6/2/2014 10:30,,SSD,,HP,,HP SSD,,,,,,,,,HP,,,,,,,,,,,,,,,,,,,,,,,,,,,,,,,,,,,,,,,,,,,,Taxable Goods,Active,EOREOR
motherboard,702176-501,,,,,,,,,,,,,,,,,,175,,100,1,,6/2/2014 10:30,,MOTHERBOARD,,HP,,HP MOTHERBOARD,,,,,,,,,HP,,,,,,,,,,,,,,,,,,,,,,,,,,,,,,,,,,,,,,,,,,,,Taxable Goods,Active,EOREOR
motherboard,688277-001,,,,,,,,,,,,,,,,,,175,,100,1,,6/2/2014 10:30,,MOTHERBOARD,,HP,,HP MOTHERBOARD,,,,,,,,,HP,,,,,,,,,,,,,,,,,,,,,,,,,,,,,,,,,,,,,,,,,,,,Taxable Goods,Active,EOREOR
motherboard,681999-001,,,,,,,,,,,,,,,,,,175,,100,1,,6/2/2014 10:30,,MOTHERBOARD,,HP,,HP MOTHERBOARD,,,,,,,,,HP,,,,,,,,,,,,,,,,,,,,,,,,,,,,,,,,,,,,,,,,,,,,Taxable Goods,Active,EOREOR
motherboard,675852-001,,,,,,,,,,,,,,,,,,175,,100,1,,6/2/2014 10:30,,MOTHERBOARD,,HP,,HP MOTHERBOARD,,,,,,,,,HP,,,,,,,,,,,,,,,,,,,,,,,,,,,,,,,,,,,,,,,,,,,,Taxable Goods,Active,EOREOR
motherboard,655590-001,,,,,,,,,,,,,,,,,,175,,100,1,,6/2/2014 10:30,,MOTHERBOARD,,HP,,HP MOTHERBOARD,,,,,,,,,HP,,,,,,,,,,,,,,,,,,,,,,,,,,,,,,,,,,,,,,,,,,,,Taxable Goods,Active,EOREOR
motherboard,653846-001,,,,,,,,,,,,,,,,,,175,,100,1,,6/2/2014 10:30,,MOTHERBOARD,,HP,,HP MOTHERBOARD,,,,,,,,,HP,,,,,,,,,,,,,,,,,,,,,,,,,,,,,,,,,,,,,,,,,,,,Taxable Goods,Active,EOREOR
motherboard,653340-001,,,,,,,,,,,,,,,,,,175,,100,1,,6/2/2014 10:30,,MOTHERBOARD,,HP,,HP MOTHERBOARD,,,,,,,,,HP,,,,,,,,,,,,,,,,,,,,,,,,,,,,,,,,,,,,,,,,,,,,Taxable Goods,Active,EOREOR
motherboard,641713-001,,,,,,,,,,,,,,,,,,175,,100,1,,6/2/2014 10:30,,MOTHERBOARD,,HP,,HP MOTHERBOARD,,,,,,,,,HP,,,,,,,,,,,,,,,,,,,,,,,,,,,,,,,,,,,,,,,,,,,,Taxable Goods,Active,EOREOR
motherboard,639391-001,,,,,,,,,,,,,,,,,,175,,100,1,,6/2/2014 10:30,,MOTHERBOARD,,HP,,HP MOTHERBOARD,,,,,,,,,HP,,,,,,,,,,,,,,,,,,,,,,,,,,,,,,,,,,,,,,,,,,,,Taxable Goods,Active,EOREOR
motherboard,620887-001,,,,,,,,,,,,,,,,,,175,,100,1,,6/2/2014 10:30,,MOTHERBOARD,,HP,,HP MOTHERBOARD,,,,,,,,,HP,,,,,,,,,,,,,,,,,,,,,,,,,,,,,,,,,,,,,,,,,,,,Taxable Goods,Active,EOREOR
motherboard,615687-001,,,,,,,,,,,,,,,,,,175,,100,1,,6/2/2014 10:30,,MOTHERBOARD,,HP,,HP MOTHERBOARD,,,,,,,,,HP,,,,,,,,,,,,,,,,,,,,,,,,,,,,,,,,,,,,,,,,,,,,Taxable Goods,Active,EOREOR
Motherboard,574679-001,,,,,,,,,,,,,,,,,,175,,100,1,,6/2/2014 10:30,,MOTHERBOARD,,HP,,HP MOTHERBOARD,,,,,,,,,HP,,,,,,,,,,,,,,,,,,,,,,,,,,,,,,,,,,,,,,,,,,,,Taxable Goods,Active,EOREOR
motherboard,571187-001,,,,,,,,,,,,,,,,,,175,,100,1,,6/2/2014 10:30,,MOTHERBOARD,,HP,,HP MOTHERBOARD,,,,,,,,,HP,,,,,,,,,,,,,,,,,,,,,,,,,,,,,,,,,,,,,,,,,,,,Taxable Goods,Active,EOREOR
motherboard,5189-4598,,,,,,,,,,,,,,,,,,175,,100,1,,6/2/2014 10:30,,MOTHERBOARD,,HP,,HP MOTHERBOARD,,,,,,,,,HP,,,,,,,,,,,,,,,,,,,,,,,,,,,,,,,,,,,,,,,,,,,,Taxable Goods,Active,EOREOR
motherboard,5188-2907,,,,,,,,,,,,,,,,,,175,,100,1,,6/2/2014 10:30,,MOTHERBOARD,,HP,,HP MOTHERBOARD,,,,,,,,,HP,,,,,,,,,,,,,,,,,,,,,,,,,,,,,,,,,,,,,,,,,,,,Taxable Goods,Active,EOREOR
motherboard,5003-1032,,,,,,,,,,,,,,,,,,175,,100,1,,6/2/2014 10:30,,MOTHERBOARD,,HP,,HP MOTHERBOARD,,,,,,,,,HP,,,,,,,,,,,,,,,,,,,,,,,,,,,,,,,,,,,,,,,,,,,,Taxable Goods,Active,EOREOR
Motherboard,460900-002,,,,,,,,,,,,,,,,,,175,,100,1,,6/2/2014 10:30,,MOTHERBOARD,,HP,,HP MOTHERBOARD,,,,,,,,,HP,,,,,,,,,,,,,,,,,,,,,,,,,,,,,,,,,,,,,,,,,,,,Taxable Goods,Active,EOREOR
motherboard,446477-001,,,,,,,,,,,,,,,,,,175,,100,1,,6/2/2014 10:30,,MOTHERBOARD,,HP,,HP MOTHERBOARD,,,,,,,,,HP,,,,,,,,,,,,,,,,,,,,,,,,,,,,,,,,,,,,,,,,,,,,Taxable Goods,Active,EOREOR
MB,722204-501,,,,,,,,,,,,,,,,,,175,,100,1,,6/2/2014 10:30,,MOTHERBOARD,,HP,,HP MOTHERBOARD,,,,,,,,,HP,,,,,,,,,,,,,,,,,,,,,,,,,,,,,,,,,,,,,,,,,,,,Taxable Goods,Active,EOREOR
Mainboard,FQ661-69001,,,,,,,,,,,,,,,,,,175,,100,1,,6/2/2014 10:30,,MOTHERBOARD,,HP,,HP MOTHERBOARD,,,,,,,,,HP,,,,,,,,,,,,,,,,,,,,,,,,,,,,,,,,,,,,,,,,,,,,Taxable Goods,Active,EOREOR
LCD Assembly,699378-001,,,,,,,,,,,,,,,,,,350,,100,1,,6/2/2014 10:30,,LCD COMPLETE ASSY,,HP,,HP LCD FULL ASSY,,,,,,,,,HP,,,,,,,,,,,,,,,,,,,,,,,,,,,,,,,,,,,,,,,,,,,,Taxable Goods,Active,EOREOR
LCD Module,734413-001,,,,,,,,,,,,,,,,,,350,,100,1,,6/2/2014 10:30,,LCD COMPLETE ASSY,,HP,,HP LCD FULL ASSY,,,,,,,,,HP,,,,,,,,,,,,,,,,,,,,,,,,,,,,,,,,,,,,,,,,,,,,Taxable Goods,Active,EOREOR
HDD 1TB,16200182,,,,,,,,,,,,,,,,,,80,,100,1,,6/2/2014 10:30,,HDD,,LENOVO,,LENOVO HDD,,,,,,,,,LENOVO,,,,,,,,,,,,,,,,,,,,,,,,,,,,,,,,,,,,,,,,,,,,Taxable Goods,Active,EOREOR
HTS LGD133 3QD32-8SM,18200773,,,,,,,,,,,,,,,,,,135,,100,1,,6/2/2014 10:30,,LCD PANEL ONLY,,LENOVO,,LENOVO LCD PANEL ONLY,,,,,,,,,LENOVO,,,,,,,,,,,,,,,,,,,,,,,,,,,,,,,,,,,,,,,,,,,,Taxable Goods,Active,EOREOR
Motherboard,04W3895,,,,,,,,,,,,,,,,,,250,,100,1,,6/2/2014 10:30,,MOTHERBOARD,,LENOVO,,LENOVO MOTHERBOARD,,,,,,,,,LENOVO,,,,,,,,,,,,,,,,,,,,,,,,,,,,,,,,,,,,,,,,,,,,Taxable Goods,Active,EOREOR
Motherboard,90002338,,,,,,,,,,,,,,,,,,250,,100,1,,6/2/2014 10:30,,MOTHERBOARD,,LENOVO,,LENOVO MOTHERBOARD,,,,,,,,,LENOVO,,,,,,,,,,,,,,,,,,,,,,,,,,,,,,,,,,,,,,,,,,,,Taxable Goods,Active,EOREOR
Main board,90002038,,,,,,,,,,,,,,,,,,250,,100,1,,6/2/2014 10:30,,MOTHERBOARD,,LENOVO,,LENOVO MOTHERBOARD,,,,,,,,,LENOVO,,,,,,,,,,,,,,,,,,,,,,,,,,,,,,,,,,,,,,,,,,,,Taxable Goods,Active,EOREOR
LCD module,90400099,,,,,,,,,,,,,,,,,,350,,100,1,,6/2/2014 10:30,,LCD COMPLETE ASSY,,LENOVO,,LENOVO LCD FULL ASSY,,,,,,,,,LENOVO,,,,,,,,,,,,,,,,,,,,,,,,,,,,,,,,,,,,,,,,,,,,Taxable Goods,Active,EOREOR
fan,BA31-00124B,,,,,,,,,,,,,,,,,,25,,100,1,,6/2/2014 10:30,,FAN,,SAMSUNG,,SAMSUNG FAN,,,,,,,,,SAMSUNG,,,,,,,,,,,,,,,,,,,,,,,,,,,,,,,,,,,,,,,,,,,,Taxable Goods,Active,EOREOR
LCD Bezel,BA75-02563A,,,,,,,,,,,,,,,,,,25,,100,1,,6/2/2014 10:30,,FRONT BEZEL,,SAMSUNG,,SAMSUNG FRONT BEZEL,,,,,,,,,SAMSUNG,,,,,,,,,,,,,,,,,,,,,,,,,,,,,,,,,,,,,,,,,,,,Taxable Goods,Active,EOREOR
HOUSING FRONT LCD,BA75-04066A,,,,,,,,,,,,,,,,,,25,,100,1,,6/2/2014 10:30,,FRONT BEZEL,,SAMSUNG,,SAMSUNG FRONT BEZEL,,,,,,,,,SAMSUNG,,,,,,,,,,,,,,,,,,,,,,,,,,,,,,,,,,,,,,,,,,,,Taxable Goods,Active,EOREOR
Bezel,BA75-03732A,,,,,,,,,,,,,,,,,,25,,100,1,,6/2/2014 10:30,,FRONT BEZEL,,SAMSUNG,,SAMSUNG FRONT BEZEL,,,,,,,,,SAMSUNG,,,,,,,,,,,,,,,,,,,,,,,,,,,,,,,,,,,,,,,,,,,,Taxable Goods,Active,EOREOR
lcd back cover,BA75-03731A,,,,,,,,,,,,,,,,,,27,,100,1,,6/2/2014 10:30,,LCD BACK COVER,,SAMSUNG,,SAMSUNG LCD BACK COVER,,,,,,,,,SAMSUNG,,,,,,,,,,,,,,,,,,,,,,,,,,,,,,,,,,,,,,,,,,,,Taxable Goods,Active,EOREOR
LCD Back cover,BA75-02561A,,,,,,,,,,,,,,,,,,27,,100,1,,6/2/2014 10:30,,LCD BACK COVER,,SAMSUNG,,SAMSUNG LCD BACK COVER,,,,,,,,,SAMSUNG,,,,,,,,,,,,,,,,,,,,,,,,,,,,,,,,,,,,,,,,,,,,Taxable Goods,Active,EOREOR
HOUSING BACK LCD,BA75-03938A,,,,,,,,,,,,,,,,,,27,,100,1,,6/2/2014 10:30,,LCD BACK COVER,,SAMSUNG,,SAMSUNG LCD BACK COVER,,,,,,,,,SAMSUNG,,,,,,,,,,,,,,,,,,,,,,,,,,,,,,,,,,,,,,,,,,,,Taxable Goods,Active,EOREOR
HOUSING BACK LCD,BA75-03717A,,,,,,,,,,,,,,,,,,27,,100,1,,6/2/2014 10:30,,LCD BACK COVER,,SAMSUNG,,SAMSUNG LCD BACK COVER,,,,,,,,,SAMSUNG,,,,,,,,,,,,,,,,,,,,,,,,,,,,,,,,,,,,,,,,,,,,Taxable Goods,Active,EOREOR
Ac adapter,BA44-00242A,,,,,,,,,,,,,,,,,,39,,100,1,,6/2/2014 10:30,,ADAPTER,,SAMSUNG,,SAMSUNG ADAPTER,,,,,,,,,SAMSUNG,,,,,,,,,,,,,,,,,,,,,,,,,,,,,,,,,,,,,,,,,,,,Taxable Goods,Active,EOREOR
USB Cable,GH44-02375D,,,,,,,,,,,,,,,,,,45,,100,1,,6/2/2014 10:30,,OTHER,,SAMSUNG,,SAMSUNG OTHER,,,,,,,,,SAMSUNG,,,,,,,,,,,,,,,,,,,,,,,,,,,,,,,,,,,,,,,,,,,,Taxable Goods,Active,EOREOR
USB Cable,GH39-01440H,,,,,,,,,,,,,,,,,,45,,100,1,,6/2/2014 10:30,,OTHER,,SAMSUNG,,SAMSUNG OTHER,,,,,,,,,SAMSUNG,,,,,,,,,,,,,,,,,,,,,,,,,,,,,,,,,,,,,,,,,,,,Taxable Goods,Active,EOREOR
dc-in jack,BA39-01209A,,,,,,,,,,,,,,,,,,45,,100,1,,6/2/2014 10:30,,OTHER,,SAMSUNG,,SAMSUNG OTHER,,,,,,,,,SAMSUNG,,,,,,,,,,,,,,,,,,,,,,,,,,,,,,,,,,,,,,,,,,,,Taxable Goods,Active,EOREOR
battery,BA43-00358A,,,,,,,,,,,,,,,,,,65,,100,1,,6/2/2014 10:30,,BATTERY,,SAMSUNG,,SAMSUNG BATTERY,,,,,,,,,SAMSUNG,,,,,,,,,,,,,,,,,,,,,,,,,,,,,,,,,,,,,,,,,,,,Taxable Goods,Active,EOREOR
battery,BA43-00198A,,,,,,,,,,,,,,,,,,65,,100,1,,6/2/2014 10:30,,BATTERY,,SAMSUNG,,SAMSUNG BATTERY,,,,,,,,,SAMSUNG,,,,,,,,,,,,,,,,,,,,,,,,,,,,,,,,,,,,,,,,,,,,Taxable Goods,Active,EOREOR
LCD Panel,BA59-03615A,,,,,,,,,,,,,,,,,,135,,100,1,,6/2/2014 10:30,,LCD PANEL ONLY,,SAMSUNG,,SAMSUNG LCD PANEL ONLY,,,,,,,,,SAMSUNG,,,,,,,,,,,,,,,,,,,,,,,,,,,,,,,,,,,,,,,,,,,,Taxable Goods,Active,EOREOR
LCD Panel,BA59-03584A,,,,,,,,,,,,,,,,,,135,,100,1,,6/2/2014 10:30,,LCD PANEL ONLY,,SAMSUNG,,SAMSUNG LCD PANEL ONLY,,,,,,,,,SAMSUNG,,,,,,,,,,,,,,,,,,,,,,,,,,,,,,,,,,,,,,,,,,,,Taxable Goods,Active,EOREOR
lcd panel,BA59-03367A,,,,,,,,,,,,,,,,,,135,,100,1,,6/2/2014 10:30,,LCD PANEL ONLY,,SAMSUNG,,SAMSUNG LCD PANEL ONLY,,,,,,,,,SAMSUNG,,,,,,,,,,,,,,,,,,,,,,,,,,,,,,,,,,,,,,,,,,,,Taxable Goods,Active,EOREOR
motherboarrd,BA92-10501A,,,,,,,,,,,,,,,,,,250,,100,1,,6/2/2014 10:30,,MOTHERBOARD,,SAMSUNG,,SAMSUNG MOTHERBOARD,,,,,,,,,SAMSUNG,,,,,,,,,,,,,,,,,,,,,,,,,,,,,,,,,,,,,,,,,,,,Taxable Goods,Active,EOREOR
motherboard,BA92-11488A,,,,,,,,,,,,,,,,,,250,,100,1,,6/2/2014 10:30,,MOTHERBOARD,,SAMSUNG,,SAMSUNG MOTHERBOARD,,,,,,,,,SAMSUNG,,,,,,,,,,,,,,,,,,,,,,,,,,,,,,,,,,,,,,,,,,,,Taxable Goods,Active,EOREOR
motherboard,BA92-10484A,,,,,,,,,,,,,,,,,,250,,100,1,,6/2/2014 10:30,,MOTHERBOARD,,SAMSUNG,,SAMSUNG MOTHERBOARD,,,,,,,,,SAMSUNG,,,,,,,,,,,,,,,,,,,,,,,,,,,,,,,,,,,,,,,,,,,,Taxable Goods,Active,EOREOR
motherboard,BA92-06785A,,,,,,,,,,,,,,,,,,250,,100,1,,6/2/2014 10:30,,MOTHERBOARD,,SAMSUNG,,SAMSUNG MOTHERBOARD,,,,,,,,,SAMSUNG,,,,,,,,,,,,,,,,,,,,,,,,,,,,,,,,,,,,,,,,,,,,Taxable Goods,Active,EOREOR
LCD Complete Assy,BA96-06424A,,,,,,,,,,,,,,,,,,350,,100,1,,6/2/2014 10:30,,LCD COMPLETE ASSY,,SAMSUNG,,SAMSUNG LCD FULL ASSY,,,,,,,,,SAMSUNG,,,,,,,,,,,,,,,,,,,,,,,,,,,,,,,,,,,,,,,,,,,,Taxable Goods,Active,EOREOR
DC in jack,A-1772-165-A,,,,,,,,,,,,,,,,,,45,,100,1,,6/2/2014 10:30,,OTHER,,SONY,,SONY OTHER,,,,,,,,,SONY,,,,,,,,,,,,,,,,,,,,,,,,,,,,,,,,,,,,,,,,,,,,Taxable Goods,Active,EOREOR
Keyboard,53010BM21-203-G,,,,,,,,,,,,,,,,,,85,,100,1,,6/2/2014 10:30,,KEYBOARD BILINGUAL,,SONY,,SONY KEYBOARD BIL,,,,,,,,,SONY,,,,,,,,,,,,,,,,,,,,,,,,,,,,,,,,,,,,,,,,,,,,Taxable Goods,Active,EOREOR
Cooling fan,V000270990,,,,,,,,,,,,,,,,,,25,,100,1,,6/2/2014 10:30,,FAN,,TOSHIBA,,TOSHIBA FAN,,,,,,,,,TOSHIBA,,,,,,,,,,,,,,,,,,,,,,,,,,,,,,,,,,,,,,,,,,,,Taxable Goods,Active,EOREOR
Cooling fan,H000026650,,,,,,,,,,,,,,,,,,25,,100,1,,6/2/2014 10:30,,FAN,,TOSHIBA,,TOSHIBA FAN,,,,,,,,,TOSHIBA,,,,,,,,,,,,,,,,,,,,,,,,,,,,,,,,,,,,,,,,,,,,Taxable Goods,Active,EOREOR
Cooling fan,A000053190,,,,,,,,,,,,,,,,,,25,,100,1,,6/2/2014 10:30,,FAN,,TOSHIBA,,TOSHIBA FAN,,,,,,,,,TOSHIBA,,,,,,,,,,,,,,,,,,,,,,,,,,,,,,,,,,,,,,,,,,,,Taxable Goods,Active,EOREOR
LCD Bezel,V000300130,,,,,,,,,,,,,,,,,,25,,100,1,,6/2/2014 10:30,,FRONT BEZEL,,TOSHIBA,,TOSHIBA FRONT BEZEL,,,,,,,,,TOSHIBA,,,,,,,,,,,,,,,,,,,,,,,,,,,,,,,,,,,,,,,,,,,,Taxable Goods,Active,EOREOR
LCD BEZEL,H000037500,,,,,,,,,,,,,,,,,,25,,100,1,,6/2/2014 10:30,,FRONT BEZEL,,TOSHIBA,,TOSHIBA FRONT BEZEL,,,,,,,,,TOSHIBA,,,,,,,,,,,,,,,,,,,,,,,,,,,,,,,,,,,,,,,,,,,,Taxable Goods,Active,EOREOR
LCD Cover,H000037470,,,,,,,,,,,,,,,,,,27,,100,1,,6/2/2014 10:30,,LCD BACK COVER,,TOSHIBA,,TOSHIBA LCD BACK COVER,,,,,,,,,TOSHIBA,,,,,,,,,,,,,,,,,,,,,,,,,,,,,,,,,,,,,,,,,,,,Taxable Goods,Active,EOREOR
LCD Cover,A000210530,,,,,,,,,,,,,,,,,,27,,100,1,,6/2/2014 10:30,,LCD BACK COVER,,TOSHIBA,,TOSHIBA LCD BACK COVER,,,,,,,,,TOSHIBA,,,,,,,,,,,,,,,,,,,,,,,,,,,,,,,,,,,,,,,,,,,,Taxable Goods,Active,EOREOR
LCD Back cover,V000300150,,,,,,,,,,,,,,,,,,27,,100,1,,6/2/2014 10:30,,LCD BACK COVER,,TOSHIBA,,TOSHIBA LCD BACK COVER,,,,,,,,,TOSHIBA,,,,,,,,,,,,,,,,,,,,,,,,,,,,,,,,,,,,,,,,,,,,Taxable Goods,Active,EOREOR
LCD CABLE,H000037860,,,,,,,,,,,,,,,,,,27,,100,1,,6/2/2014 10:30,,LCD WIRE SET,,TOSHIBA,,TOSHIBA LCD WIRE,,,,,,,,,TOSHIBA,,,,,,,,,,,,,,,,,,,,,,,,,,,,,,,,,,,,,,,,,,,,Taxable Goods,Active,EOREOR
LCD cable,A000055180,,,,,,,,,,,,,,,,,,27,,100,1,,6/2/2014 10:30,,LCD WIRE SET,,TOSHIBA,,TOSHIBA LCD WIRE,,,,,,,,,TOSHIBA,,,,,,,,,,,,,,,,,,,,,,,,,,,,,,,,,,,,,,,,,,,,Taxable Goods,Active,EOREOR
FPC LCD,V000210490,,,,,,,,,,,,,,,,,,27,,100,1,,6/2/2014 10:30,,LCD WIRE SET,,TOSHIBA,,TOSHIBA LCD WIRE,,,,,,,,,TOSHIBA,,,,,,,,,,,,,,,,,,,,,,,,,,,,,,,,,,,,,,,,,,,,Taxable Goods,Active,EOREOR
kEYBOARD,V000321470,,,,,,,,,,,,,,,,,,35,,100,1,,6/2/2014 10:30,,KEYBOARD ENGLISH,,TOSHIBA,,TOSHIBA KEYBOARD US,,,,,,,,,TOSHIBA,,,,,,,,,,,,,,,,,,,,,,,,,,,,,,,,,,,,,,,,,,,,Taxable Goods,Active,EOREOR
Keyboard,V000272520,,,,,,,,,,,,,,,,,,35,,100,1,,6/2/2014 10:30,,KEYBOARD ENGLISH,,TOSHIBA,,TOSHIBA KEYBOARD US,,,,,,,,,TOSHIBA,,,,,,,,,,,,,,,,,,,,,,,,,,,,,,,,,,,,,,,,,,,,Taxable Goods,Active,EOREOR
keyboard,H000045330,,,,,,,,,,,,,,,,,,35,,100,1,,6/2/2014 10:30,,KEYBOARD ENGLISH,,TOSHIBA,,TOSHIBA KEYBOARD US,,,,,,,,,TOSHIBA,,,,,,,,,,,,,,,,,,,,,,,,,,,,,,,,,,,,,,,,,,,,Taxable Goods,Active,EOREOR
AC adapter,P000556540,,,,,,,,,,,,,,,,,,39,,100,1,,6/2/2014 10:30,,ADAPTER,,TOSHIBA,,TOSHIBA ADAPTER,,,,,,,,,TOSHIBA,,,,,,,,,,,,,,,,,,,,,,,,,,,,,,,,,,,,,,,,,,,,Taxable Goods,Active,EOREOR
AC ADAPTER,P0005352040,,,,,,,,,,,,,,,,,,39,,100,1,,6/2/2014 10:30,,ADAPTER,,TOSHIBA,,TOSHIBA ADAPTER,,,,,,,,,TOSHIBA,,,,,,,,,,,,,,,,,,,,,,,,,,,,,,,,,,,,,,,,,,,,Taxable Goods,Active,EOREOR
Touchpad board,H000031220,,,,,,,,,,,,,,,,,,45,,100,1,,6/2/2014 10:30,,OTHER,,TOSHIBA,,TOSHIBA OTHER,,,,,,,,,TOSHIBA,,,,,,,,,,,,,,,,,,,,,,,,,,,,,,,,,,,,,,,,,,,,Taxable Goods,Active,EOREOR
Touch Pad Board,V000946860,,,,,,,,,,,,,,,,,,45,,100,1,,6/2/2014 10:30,,OTHER,,TOSHIBA,,TOSHIBA OTHER,,,,,,,,,TOSHIBA,,,,,,,,,,,,,,,,,,,,,,,,,,,,,,,,,,,,,,,,,,,,Taxable Goods,Active,EOREOR
Touch Pad Board,V000240460,,,,,,,,,,,,,,,,,,45,,100,1,,6/2/2014 10:30,,OTHER,,TOSHIBA,,TOSHIBA OTHER,,,,,,,,,TOSHIBA,,,,,,,,,,,,,,,,,,,,,,,,,,,,,,,,,,,,,,,,,,,,Taxable Goods,Active,EOREOR
Touch Pad,H000037830,,,,,,,,,,,,,,,,,,45,,100,1,,6/2/2014 10:30,,OTHER,,TOSHIBA,,TOSHIBA OTHER,,,,,,,,,TOSHIBA,,,,,,,,,,,,,,,,,,,,,,,,,,,,,,,,,,,,,,,,,,,,Taxable Goods,Active,EOREOR
Touch Pad,a000208130,,,,,,,,,,,,,,,,,,45,,100,1,,6/2/2014 10:30,,OTHER,,TOSHIBA,,TOSHIBA OTHER,,,,,,,,,TOSHIBA,,,,,,,,,,,,,,,,,,,,,,,,,,,,,,,,,,,,,,,,,,,,Taxable Goods,Active,EOREOR
keyboard cover,H000038150,,,,,,,,,,,,,,,,,,45,,100,1,,6/2/2014 10:30,,OTHER,,TOSHIBA,,TOSHIBA OTHER,,,,,,,,,TOSHIBA,,,,,,,,,,,,,,,,,,,,,,,,,,,,,,,,,,,,,,,,,,,,Taxable Goods,Active,EOREOR
DC-IN JACK,V000942580,,,,,,,,,,,,,,,,,,45,,100,1,,6/2/2014 10:30,,OTHER,,TOSHIBA,,TOSHIBA OTHER,,,,,,,,,TOSHIBA,,,,,,,,,,,,,,,,,,,,,,,,,,,,,,,,,,,,,,,,,,,,Taxable Goods,Active,EOREOR
DC IN Jack,H000037850,,,,,,,,,,,,,,,,,,45,,100,1,,6/2/2014 10:30,,OTHER,,TOSHIBA,,TOSHIBA OTHER,,,,,,,,,TOSHIBA,,,,,,,,,,,,,,,,,,,,,,,,,,,,,,,,,,,,,,,,,,,,Taxable Goods,Active,EOREOR
Topcover,H000052180,,,,,,,,,,,,,,,,,,45,,100,1,,6/2/2014 10:30,,PALMREST,,TOSHIBA,,TOSHIBA PALMREST,,,,,,,,,TOSHIBA,,,,,,,,,,,,,,,,,,,,,,,,,,,,,,,,,,,,,,,,,,,,Taxable Goods,Active,EOREOR
top cover assy,v000220030,,,,,,,,,,,,,,,,,,45,,100,1,,6/2/2014 10:30,,PALMREST,,TOSHIBA,,TOSHIBA PALMREST,,,,,,,,,TOSHIBA,,,,,,,,,,,,,,,,,,,,,,,,,,,,,,,,,,,,,,,,,,,,Taxable Goods,Active,EOREOR
Top Cover,V000320130,,,,,,,,,,,,,,,,,,45,,100,1,,6/2/2014 10:30,,PALMREST,,TOSHIBA,,TOSHIBA PALMREST,,,,,,,,,TOSHIBA,,,,,,,,,,,,,,,,,,,,,,,,,,,,,,,,,,,,,,,,,,,,Taxable Goods,Active,EOREOR
Top cover,V000300200,,,,,,,,,,,,,,,,,,45,,100,1,,6/2/2014 10:30,,PALMREST,,TOSHIBA,,TOSHIBA PALMREST,,,,,,,,,TOSHIBA,,,,,,,,,,,,,,,,,,,,,,,,,,,,,,,,,,,,,,,,,,,,Taxable Goods,Active,EOREOR
Top Cover,v000270660,,,,,,,,,,,,,,,,,,45,,100,1,,6/2/2014 10:30,,PALMREST,,TOSHIBA,,TOSHIBA PALMREST,,,,,,,,,TOSHIBA,,,,,,,,,,,,,,,,,,,,,,,,,,,,,,,,,,,,,,,,,,,,Taxable Goods,Active,EOREOR
TOP COVER,H000043330,,,,,,,,,,,,,,,,,,45,,100,1,,6/2/2014 10:30,,PALMREST,,TOSHIBA,,TOSHIBA PALMREST,,,,,,,,,TOSHIBA,,,,,,,,,,,,,,,,,,,,,,,,,,,,,,,,,,,,,,,,,,,,Taxable Goods,Active,EOREOR
top cover,H000043230,,,,,,,,,,,,,,,,,,45,,100,1,,6/2/2014 10:30,,PALMREST,,TOSHIBA,,TOSHIBA PALMREST,,,,,,,,,TOSHIBA,,,,,,,,,,,,,,,,,,,,,,,,,,,,,,,,,,,,,,,,,,,,Taxable Goods,Active,EOREOR
Top Cover,H000041650,,,,,,,,,,,,,,,,,,45,,100,1,,6/2/2014 10:30,,PALMREST,,TOSHIBA,,TOSHIBA PALMREST,,,,,,,,,TOSHIBA,,,,,,,,,,,,,,,,,,,,,,,,,,,,,,,,,,,,,,,,,,,,Taxable Goods,Active,EOREOR
TCA,H000034540,,,,,,,,,,,,,,,,,,45,,100,1,,6/2/2014 10:30,,PALMREST,,TOSHIBA,,TOSHIBA PALMREST,,,,,,,,,TOSHIBA,,,,,,,,,,,,,,,,,,,,,,,,,,,,,,,,,,,,,,,,,,,,Taxable Goods,Active,EOREOR
Thermal module/fan,H000037340,,,,,,,,,,,,,,,,,,50,,100,1,,6/2/2014 10:30,,THERMAL MODULE,,TOSHIBA,,TOSHIBA THERMAL MODULE,,,,,,,,,TOSHIBA,,,,,,,,,,,,,,,,,,,,,,,,,,,,,,,,,,,,,,,,,,,,Taxable Goods,Active,EOREOR
Thermal Module,V000270020,,,,,,,,,,,,,,,,,,50,,100,1,,6/2/2014 10:30,,THERMAL MODULE,,TOSHIBA,,TOSHIBA THERMAL MODULE,,,,,,,,,TOSHIBA,,,,,,,,,,,,,,,,,,,,,,,,,,,,,,,,,,,,,,,,,,,,Taxable Goods,Active,EOREOR
Thermal Module,K000099290,,,,,,,,,,,,,,,,,,50,,100,1,,6/2/2014 10:30,,THERMAL MODULE,,TOSHIBA,,TOSHIBA THERMAL MODULE,,,,,,,,,TOSHIBA,,,,,,,,,,,,,,,,,,,,,,,,,,,,,,,,,,,,,,,,,,,,Taxable Goods,Active,EOREOR
Thermal Module,H000037640,,,,,,,,,,,,,,,,,,50,,100,1,,6/2/2014 10:30,,THERMAL MODULE,,TOSHIBA,,TOSHIBA THERMAL MODULE,,,,,,,,,TOSHIBA,,,,,,,,,,,,,,,,,,,,,,,,,,,,,,,,,,,,,,,,,,,,Taxable Goods,Active,EOREOR
THERMAL MODULE,H000026340,,,,,,,,,,,,,,,,,,50,,100,1,,6/2/2014 10:30,,THERMAL MODULE,,TOSHIBA,,TOSHIBA THERMAL MODULE,,,,,,,,,TOSHIBA,,,,,,,,,,,,,,,,,,,,,,,,,,,,,,,,,,,,,,,,,,,,Taxable Goods,Active,EOREOR
Thermal Module,A000079390,,,,,,,,,,,,,,,,,,50,,100,1,,6/2/2014 10:30,,THERMAL MODULE,,TOSHIBA,,TOSHIBA THERMAL MODULE,,,,,,,,,TOSHIBA,,,,,,,,,,,,,,,,,,,,,,,,,,,,,,,,,,,,,,,,,,,,Taxable Goods,Active,EOREOR
Thermal mod,V000271120,,,,,,,,,,,,,,,,,,50,,100,1,,6/2/2014 10:30,,THERMAL MODULE,,TOSHIBA,,TOSHIBA THERMAL MODULE,,,,,,,,,TOSHIBA,,,,,,,,,,,,,,,,,,,,,,,,,,,,,,,,,,,,,,,,,,,,Taxable Goods,Active,EOREOR
Optical Drive Bezel,V000943420,,,,,,,,,,,,,,,,,,60,,100,1,,6/2/2014 10:30,,DVD,,TOSHIBA,,TOSHIBA DVD,,,,,,,,,TOSHIBA,,,,,,,,,,,,,,,,,,,,,,,,,,,,,,,,,,,,,,,,,,,,Taxable Goods,Active,EOREOR
DVD,V000210050,,,,,,,,,,,,,,,,,,60,,100,1,,6/2/2014 10:30,,DVD,,TOSHIBA,,TOSHIBA DVD,,,,,,,,,TOSHIBA,,,,,,,,,,,,,,,,,,,,,,,,,,,,,,,,,,,,,,,,,,,,Taxable Goods,Active,EOREOR
Battery 12 cell,A000051280,,,,,,,,,,,,,,,,,,65,,100,1,,6/2/2014 10:30,,BATTERY,,TOSHIBA,,TOSHIBA BATTERY,,,,,,,,,TOSHIBA,,,,,,,,,,,,,,,,,,,,,,,,,,,,,,,,,,,,,,,,,,,,Taxable Goods,Active,EOREOR
Battery,V000212670,,,,,,,,,,,,,,,,,,65,,100,1,,6/2/2014 10:30,,BATTERY,,TOSHIBA,,TOSHIBA BATTERY,,,,,,,,,TOSHIBA,,,,,,,,,,,,,,,,,,,,,,,,,,,,,,,,,,,,,,,,,,,,Taxable Goods,Active,EOREOR
Battery,V000210190,,,,,,,,,,,,,,,,,,65,,100,1,,6/2/2014 10:30,,BATTERY,,TOSHIBA,,TOSHIBA BATTERY,,,,,,,,,TOSHIBA,,,,,,,,,,,,,,,,,,,,,,,,,,,,,,,,,,,,,,,,,,,,Taxable Goods,Active,EOREOR
BATTERY,P000556700,,,,,,,,,,,,,,,,,,65,,100,1,,6/2/2014 10:30,,BATTERY,,TOSHIBA,,TOSHIBA BATTERY,,,,,,,,,TOSHIBA,,,,,,,,,,,,,,,,,,,,,,,,,,,,,,,,,,,,,,,,,,,,Taxable Goods,Active,EOREOR
battery,H000050600,,,,,,,,,,,,,,,,,,65,,100,1,,6/2/2014 10:30,,BATTERY,,TOSHIBA,,TOSHIBA BATTERY,,,,,,,,,TOSHIBA,,,,,,,,,,,,,,,,,,,,,,,,,,,,,,,,,,,,,,,,,,,,Taxable Goods,Active,EOREOR
battery,h000030480,,,,,,,,,,,,,,,,,,65,,100,1,,6/2/2014 10:30,,BATTERY,,TOSHIBA,,TOSHIBA BATTERY,,,,,,,,,TOSHIBA,,,,,,,,,,,,,,,,,,,,,,,,,,,,,,,,,,,,,,,,,,,,Taxable Goods,Active,EOREOR
Battery,H000030190,,,,,,,,,,,,,,,,,,65,,100,1,,6/2/2014 10:30,,BATTERY,,TOSHIBA,,TOSHIBA BATTERY,,,,,,,,,TOSHIBA,,,,,,,,,,,,,,,,,,,,,,,,,,,,,,,,,,,,,,,,,,,,Taxable Goods,Active,EOREOR
Battery,A000080680,,,,,,,,,,,,,,,,,,65,,100,1,,6/2/2014 10:30,,BATTERY,,TOSHIBA,,TOSHIBA BATTERY,,,,,,,,,TOSHIBA,,,,,,,,,,,,,,,,,,,,,,,,,,,,,,,,,,,,,,,,,,,,Taxable Goods,Active,EOREOR
Battery,A000075270,,,,,,,,,,,,,,,,,,65,,100,1,,6/2/2014 10:30,,BATTERY,,TOSHIBA,,TOSHIBA BATTERY,,,,,,,,,TOSHIBA,,,,,,,,,,,,,,,,,,,,,,,,,,,,,,,,,,,,,,,,,,,,Taxable Goods,Active,EOREOR
keyboard,V000271810,,,,,,,,,,,,,,,,,,85,,100,1,,6/2/2014 10:30,,KEYBOARD BILINGUAL,,TOSHIBA,,TOSHIBA KEYBOARD BIL,,,,,,,,,TOSHIBA,,,,,,,,,,,,,,,,,,,,,,,,,,,,,,,,,,,,,,,,,,,,Taxable Goods,Active,EOREOR
Keyboard,V000211060,,,,,,,,,,,,,,,,,,85,,100,1,,6/2/2014 10:30,,KEYBOARD BILINGUAL,,TOSHIBA,,TOSHIBA KEYBOARD BIL,,,,,,,,,TOSHIBA,,,,,,,,,,,,,,,,,,,,,,,,,,,,,,,,,,,,,,,,,,,,Taxable Goods,Active,EOREOR
keyboard,H00045330,,,,,,,,,,,,,,,,,,85,,100,1,,6/2/2014 10:30,,KEYBOARD BILINGUAL,,TOSHIBA,,TOSHIBA KEYBOARD BIL,,,,,,,,,TOSHIBA,,,,,,,,,,,,,,,,,,,,,,,,,,,,,,,,,,,,,,,,,,,,Taxable Goods,Active,EOREOR
Keyboard,H000043950,,,,,,,,,,,,,,,,,,85,,100,1,,6/2/2014 10:30,,KEYBOARD BILINGUAL,,TOSHIBA,,TOSHIBA KEYBOARD BIL,,,,,,,,,TOSHIBA,,,,,,,,,,,,,,,,,,,,,,,,,,,,,,,,,,,,,,,,,,,,Taxable Goods,Active,EOREOR
keyboard,H000039910,,,,,,,,,,,,,,,,,,85,,100,1,,6/2/2014 10:30,,KEYBOARD BILINGUAL,,TOSHIBA,,TOSHIBA KEYBOARD BIL,,,,,,,,,TOSHIBA,,,,,,,,,,,,,,,,,,,,,,,,,,,,,,,,,,,,,,,,,,,,Taxable Goods,Active,EOREOR
KEYBOARD,H000029060,,,,,,,,,,,,,,,,,,85,,100,1,,6/2/2014 10:30,,KEYBOARD BILINGUAL,,TOSHIBA,,TOSHIBA KEYBOARD BIL,,,,,,,,,TOSHIBA,,,,,,,,,,,,,,,,,,,,,,,,,,,,,,,,,,,,,,,,,,,,Taxable Goods,Active,EOREOR
Keyboard,A000244040,,,,,,,,,,,,,,,,,,85,,100,1,,6/2/2014 10:30,,KEYBOARD BILINGUAL,,TOSHIBA,,TOSHIBA KEYBOARD BIL,,,,,,,,,TOSHIBA,,,,,,,,,,,,,,,,,,,,,,,,,,,,,,,,,,,,,,,,,,,,Taxable Goods,Active,EOREOR
KEYBOARD,A000077530,,,,,,,,,,,,,,,,,,85,,100,1,,6/2/2014 10:30,,KEYBOARD BILINGUAL,,TOSHIBA,,TOSHIBA KEYBOARD BIL,,,,,,,,,TOSHIBA,,,,,,,,,,,,,,,,,,,,,,,,,,,,,,,,,,,,,,,,,,,,Taxable Goods,Active,EOREOR
Lowercase,A000053420,,,,,,,,,,,,,,,,,,125,,100,1,,6/2/2014 10:30,,BASE,,TOSHIBA,,TOSHIBA BASE,,,,,,,,,TOSHIBA,,,,,,,,,,,,,,,,,,,,,,,,,,,,,,,,,,,,,,,,,,,,Taxable Goods,Active,EOREOR
BOTTOM CASE,H000050060,,,,,,,,,,,,,,,,,,125,,100,1,,6/2/2014 10:30,,BASE,,TOSHIBA,,TOSHIBA BASE,,,,,,,,,TOSHIBA,,,,,,,,,,,,,,,,,,,,,,,,,,,,,,,,,,,,,,,,,,,,Taxable Goods,Active,EOREOR
Bottom Base,H000037400,,,,,,,,,,,,,,,,,,125,,100,1,,6/2/2014 10:30,,BASE,,TOSHIBA,,TOSHIBA BASE,,,,,,,,,TOSHIBA,,,,,,,,,,,,,,,,,,,,,,,,,,,,,,,,,,,,,,,,,,,,Taxable Goods,Active,EOREOR
Base cover,V000271640,,,,,,,,,,,,,,,,,,125,,100,1,,6/2/2014 10:30,,BASE,,TOSHIBA,,TOSHIBA BASE,,,,,,,,,TOSHIBA,,,,,,,,,,,,,,,,,,,,,,,,,,,,,,,,,,,,,,,,,,,,Taxable Goods,Active,EOREOR
base cover,v000221090,,,,,,,,,,,,,,,,,,125,,100,1,,6/2/2014 10:30,,BASE,,TOSHIBA,,TOSHIBA BASE,,,,,,,,,TOSHIBA,,,,,,,,,,,,,,,,,,,,,,,,,,,,,,,,,,,,,,,,,,,,Taxable Goods,Active,EOREOR
Base Cover,V000220380,,,,,,,,,,,,,,,,,,125,,100,1,,6/2/2014 10:30,,BASE,,TOSHIBA,,TOSHIBA BASE,,,,,,,,,TOSHIBA,,,,,,,,,,,,,,,,,,,,,,,,,,,,,,,,,,,,,,,,,,,,Taxable Goods,Active,EOREOR
Base Cover,V000220070,,,,,,,,,,,,,,,,,,125,,100,1,,6/2/2014 10:30,,BASE,,TOSHIBA,,TOSHIBA BASE,,,,,,,,,TOSHIBA,,,,,,,,,,,,,,,,,,,,,,,,,,,,,,,,,,,,,,,,,,,,Taxable Goods,Active,EOREOR
base cover,V000210970,,,,,,,,,,,,,,,,,,125,,100,1,,6/2/2014 10:30,,BASE,,TOSHIBA,,TOSHIBA BASE,,,,,,,,,TOSHIBA,,,,,,,,,,,,,,,,,,,,,,,,,,,,,,,,,,,,,,,,,,,,Taxable Goods,Active,EOREOR
Base,V000300270,,,,,,,,,,,,,,,,,,125,,100,1,,6/2/2014 10:30,,BASE,,TOSHIBA,,TOSHIBA BASE,,,,,,,,,TOSHIBA,,,,,,,,,,,,,,,,,,,,,,,,,,,,,,,,,,,,,,,,,,,,Taxable Goods,Active,EOREOR
LED DIsplay,V000212220,,,,,,,,,,,,,,,,,,135,,100,1,,6/2/2014 10:30,,LCD PANEL ONLY,,TOSHIBA,,TOSHIBA LCD PANEL ONLY,,,,,,,,,TOSHIBA,,,,,,,,,,,,,,,,,,,,,,,,,,,,,,,,,,,,,,,,,,,,Taxable Goods,Active,EOREOR
LCD-LED Panel,H000025060,,,,,,,,,,,,,,,,,,135,,100,1,,6/2/2014 10:30,,LCD PANEL ONLY,,TOSHIBA,,TOSHIBA LCD PANEL ONLY,,,,,,,,,TOSHIBA,,,,,,,,,,,,,,,,,,,,,,,,,,,,,,,,,,,,,,,,,,,,Taxable Goods,Active,EOREOR
LCD Pannel,H000057810,,,,,,,,,,,,,,,,,,135,,100,1,,6/2/2014 10:30,,LCD PANEL ONLY,,TOSHIBA,,TOSHIBA LCD PANEL ONLY,,,,,,,,,TOSHIBA,,,,,,,,,,,,,,,,,,,,,,,,,,,,,,,,,,,,,,,,,,,,Taxable Goods,Active,EOREOR
LCD Panel,V000271000,,,,,,,,,,,,,,,,,,135,,100,1,,6/2/2014 10:30,,LCD PANEL ONLY,,TOSHIBA,,TOSHIBA LCD PANEL ONLY,,,,,,,,,TOSHIBA,,,,,,,,,,,,,,,,,,,,,,,,,,,,,,,,,,,,,,,,,,,,Taxable Goods,Active,EOREOR
LCD Panel,H000037930,,,,,,,,,,,,,,,,,,135,,100,1,,6/2/2014 10:30,,LCD PANEL ONLY,,TOSHIBA,,TOSHIBA LCD PANEL ONLY,,,,,,,,,TOSHIBA,,,,,,,,,,,,,,,,,,,,,,,,,,,,,,,,,,,,,,,,,,,,Taxable Goods,Active,EOREOR
LCD Panel,H000037910,,,,,,,,,,,,,,,,,,135,,100,1,,6/2/2014 10:30,,LCD PANEL ONLY,,TOSHIBA,,TOSHIBA LCD PANEL ONLY,,,,,,,,,TOSHIBA,,,,,,,,,,,,,,,,,,,,,,,,,,,,,,,,,,,,,,,,,,,,Taxable Goods,Active,EOREOR
LCD Panel,A000237400,,,,,,,,,,,,,,,,,,135,,100,1,,6/2/2014 10:30,,LCD PANEL ONLY,,TOSHIBA,,TOSHIBA LCD PANEL ONLY,,,,,,,,,TOSHIBA,,,,,,,,,,,,,,,,,,,,,,,,,,,,,,,,,,,,,,,,,,,,Taxable Goods,Active,EOREOR
LCD Panel,A000079230,,,,,,,,,,,,,,,,,,135,,100,1,,6/2/2014 10:30,,LCD PANEL ONLY,,TOSHIBA,,TOSHIBA LCD PANEL ONLY,,,,,,,,,TOSHIBA,,,,,,,,,,,,,,,,,,,,,,,,,,,,,,,,,,,,,,,,,,,,Taxable Goods,Active,EOREOR
blue ray optical,v000281520,,,,,,,,,,,,,,,,,,150,,100,1,,6/2/2014 10:30,,OTHER,,TOSHIBA,,TOSHIBA OTHER,,,,,,,,,TOSHIBA,,,,,,,,,,,,,,,,,,,,,,,,,,,,,,,,,,,,,,,,,,,,Taxable Goods,Active,EOREOR
SSD MSATA 128GB,P000557270,,,,,,,,,,,,,,,,,,150,,100,1,,6/2/2014 10:30,,SSD,,TOSHIBA,,TOSHIBA SSD,,,,,,,,,TOSHIBA,,,,,,,,,,,,,,,,,,,,,,,,,,,,,,,,,,,,,,,,,,,,Taxable Goods,Active,EOREOR
motherboard assy,h000041580,,,,,,,,,,,,,,,,,,175,,100,1,,6/2/2014 10:30,,MOTHERBOARD,,TOSHIBA,,TOSHIBA MOTHERBOARD,,,,,,,,,TOSHIBA,,,,,,,,,,,,,,,,,,,,,,,,,,,,,,,,,,,,,,,,,,,,Taxable Goods,Active,EOREOR
Motherboard,V000225010,,,,,,,,,,,,,,,,,,175,,100,1,,6/2/2014 10:30,,MOTHERBOARD,,TOSHIBA,,TOSHIBA MOTHERBOARD,,,,,,,,,TOSHIBA,,,,,,,,,,,,,,,,,,,,,,,,,,,,,,,,,,,,,,,,,,,,Taxable Goods,Active,EOREOR
motherboard,v000218010,,,,,,,,,,,,,,,,,,175,,100,1,,6/2/2014 10:30,,MOTHERBOARD,,TOSHIBA,,TOSHIBA MOTHERBOARD,,,,,,,,,TOSHIBA,,,,,,,,,,,,,,,,,,,,,,,,,,,,,,,,,,,,,,,,,,,,Taxable Goods,Active,EOREOR
Motherboard,K000103780,,,,,,,,,,,,,,,,,,175,,100,1,,6/2/2014 10:30,,MOTHERBOARD,,TOSHIBA,,TOSHIBA MOTHERBOARD,,,,,,,,,TOSHIBA,,,,,,,,,,,,,,,,,,,,,,,,,,,,,,,,,,,,,,,,,,,,Taxable Goods,Active,EOREOR
Motherboard,K000093520,,,,,,,,,,,,,,,,,,175,,100,1,,6/2/2014 10:30,,MOTHERBOARD,,TOSHIBA,,TOSHIBA MOTHERBOARD,,,,,,,,,TOSHIBA,,,,,,,,,,,,,,,,,,,,,,,,,,,,,,,,,,,,,,,,,,,,Taxable Goods,Active,EOREOR
Motherboard,H000052590,,,,,,,,,,,,,,,,,,175,,100,1,,6/2/2014 10:30,,MOTHERBOARD,,TOSHIBA,,TOSHIBA MOTHERBOARD,,,,,,,,,TOSHIBA,,,,,,,,,,,,,,,,,,,,,,,,,,,,,,,,,,,,,,,,,,,,Taxable Goods,Active,EOREOR
Motherboard,H000052420,,,,,,,,,,,,,,,,,,175,,100,1,,6/2/2014 10:30,,MOTHERBOARD,,TOSHIBA,,TOSHIBA MOTHERBOARD,,,,,,,,,TOSHIBA,,,,,,,,,,,,,,,,,,,,,,,,,,,,,,,,,,,,,,,,,,,,Taxable Goods,Active,EOREOR
Motherboard,H000043480,,,,,,,,,,,,,,,,,,175,,100,1,,6/2/2014 10:30,,MOTHERBOARD,,TOSHIBA,,TOSHIBA MOTHERBOARD,,,,,,,,,TOSHIBA,,,,,,,,,,,,,,,,,,,,,,,,,,,,,,,,,,,,,,,,,,,,Taxable Goods,Active,EOREOR
Motherboard,H000041610,,,,,,,,,,,,,,,,,,175,,100,1,,6/2/2014 10:30,,MOTHERBOARD,,TOSHIBA,,TOSHIBA MOTHERBOARD,,,,,,,,,TOSHIBA,,,,,,,,,,,,,,,,,,,,,,,,,,,,,,,,,,,,,,,,,,,,Taxable Goods,Active,EOREOR
motherboard,H000038370,,,,,,,,,,,,,,,,,,175,,100,1,,6/2/2014 10:30,,MOTHERBOARD,,TOSHIBA,,TOSHIBA MOTHERBOARD,,,,,,,,,TOSHIBA,,,,,,,,,,,,,,,,,,,,,,,,,,,,,,,,,,,,,,,,,,,,Taxable Goods,Active,EOREOR
Mainboard,A000053810,,,,,,,,,,,,,,,,,,175,,100,1,,6/2/2014 10:30,,MOTHERBOARD,,TOSHIBA,,TOSHIBA MOTHERBOARD,,,,,,,,,TOSHIBA,,,,,,,,,,,,,,,,,,,,,,,,,,,,,,,,,,,,,,,,,,,,Taxable Goods,Active,EOREOR
